jorge_ec,f1cf3dee-215c-33b2-b7f2-05f121fba39f
mcpro22,a4d46859-a1e1-3ce4-aea7-9e3b48bc3349
yairspace12,96f0376d-87db-3f66-93ef-88aed7a92732
kerycaberga71,be2abdfe-b142-3d81-bd3a-1651d2f711c7
tempoo2007,2b718526-9817-3760-b22f-c5471be19bb3
mariajoro,302c8a3c-a334-31b5-8481-fb9456626ce2
elnashe,a0bf6bf5-2f3f-3d88-b431-2e519c874cc9
basedlucy,0b9a7245-e32f-342d-a72c-3bd0722d903b
enriqueyt346,59322550-67a4-37ec-83e5-d630f0a58cef
soyluke_03,8f7711be-18d8-3473-bdb1-f5c99644cd65
hugoelpanita25,6b40881d-c4fe-30c3-98b0-531bb163d3be
mr_driming,8808c6dc-b5d8-3e85-9ff5-ebed5d3af918
keltozzz,79205160-c9b7-3125-962b-f5fff8937b5b
corderonegro,eac85daa-98e2-3c8e-89ac-53a5d0459585
agustinyutu,66f38c90-f9f2-340f-8c75-28e4be1b390a
abod,7aa810da-2c50-3d08-83ca-b5bf20da09aa
el_nano24,f2d35d30-3f54-3d04-96bd-cc0eeaaef930
eltitoangel123,211bba62-4100-3f57-bae6-464a99305ccf
jhgamer5,ff719a2d-2f85-3e5c-9f8a-35796dab5d43
kstdok_,36b02870-7612-3e67-8728-7790c9e37e42
1101trash,faa2ee74-966a-36cb-9949-a8b8c7eb2834
bunger,95608b22-7d7f-3267-b844-24cdd996c5ee
dona_master,97246f96-035c-3760-8260-cfcac43d0a25
amelionieves,dc18cdd5-6cf4-39a5-9666-5b7d34bb1813
el_locas3000,f46d45f3-dfb5-3fd6-a8ac-336e54244a28
elpepexd1,05d507cc-2b24-3f8a-a06f-3f712ace6614
piodois,e7c91a5b-e9cd-37dd-87ad-66fcbbb7ad72
ian_dorado,0a26da0b-af34-31aa-ae40-8e125960fb99
nemitooo,4ad52612-50ff-3a21-bccf-21ff1fc3b7be
agt_strick,b9a5ca11-5f32-38c3-8fd1-1b594dadd47a
erickmorfy,f9bc719a-7786-34eb-8c24-fb86370d6d56
regerta123,fec83d50-5f1d-39fa-89d2-a2c45fd111a6
neoghost711,0f0dce7a-ada1-33e0-8232-9e25a4566e8e
jere_guacho123,c8e5db1c-1d8e-387b-9556-f50349f2ca03
cherryy06,a48bdbbf-6515-34e7-b93a-8394682c93c1
rhela_,ab782a6d-7d85-3a2e-94f7-e57dcb135dc0
flakomk,158485e7-1dcd-3f67-9925-72a0f5971a9a
xelliot_08,38bd992a-43a5-3d2e-b8f6-fc9940a3dbb6
luna,481e2c36-1916-335c-b343-8c4710d5dbdd
mrcalvofreshh,24a976be-1fd6-357a-8e83-0f416b9a27a5
javing34,6e092258-1920-360a-886d-279855dccdaa
riyanbhai,78a554f1-a0e3-38c1-a77e-d83eb821128b
agustinprosito,93691545-7448-3615-87dc-69a26c490a3a
peladoaaxdd,a823acf3-2b6a-3dd6-b833-ae60e818aeae
tempoo_0,503eb202-fd3c-3f66-8a8c-c2707bc84f65
senastc123,20d28f02-ad86-3b54-907f-eb154cc8f33b
cuute,cc7155c9-d7f0-3cd6-bfc3-fcd1cd0479a9
xdloldefr,46b35114-3062-3c80-a386-a394fad2c5bd
mastermasacre,eb404847-71a0-3d00-8217-257f186177d8
luisitokun19_xd,e22e870f-f77f-36f0-a742-42bb438862c8
camicrein,11330d41-217b-36bf-88a8-24b8c330b0ce
holaxd121212,4c55ce55-ed9a-36e8-9797-79303074dc63
xgrayfullbuster,270e32b9-13c3-32eb-9e6d-0dd80cddb9e9
nero_22,214038a3-c720-3ae2-afa9-b22b34ffa4bf
albertoserru,567202e8-86ae-3502-8143-3421163038f8
mohammad,34223490-3970-3b40-9249-7531085c04b0
pepitomagito12,c9093271-bef4-36e2-984f-d841f147a629
tutacrack15,b2c112d8-bd3d-39b0-bc2b-e7ab91020bd2
xdeshh,648bae3a-b442-3625-9042-a337a604f7d0
valerot09,4fba7c2d-f2b7-33e5-b341-e3153aec795f
calvoporreta,cee45a21-9389-3b26-916c-1b123a93d794
aburob,e53900c4-b34c-3a57-af56-a1a488d70ba2
gaemang,89991063-e494-361d-a169-13d3f6cea41f
gaemeng,025d408b-84bf-3a92-81de-3c3869c74452
d0c70r_911,fc4b8320-9916-398e-9c74-23f86e493112
xhighhz,398358cf-520a-327a-9137-351693b527a6
herobrine,25966168-dc9c-360c-8f32-ed022bfa1070
cande7,e57bbae8-53bc-366b-94f5-8c6a250200fe
dogex_30,3cfc69c5-77b3-3e7a-92a1-cf1afd209056
