"2023-06-13T11:38:32Z";"CREATE_CHEST";"{"chest":{"location":{"world":"world_the_end","x":643.0,"y":42.0,"z":-999.0},"inventory":{"type":"CHEST","size":9,"content":[{"v":3337,"type":"FIREWORK_ROCKET","meta":{}},{"v":3337,"type":"ENDER_PEARL"},null,null,null,null,null,null,null]},"createdAt":1686656312721,"expireAt":1686656912721,"player":{"name":"Rhela_","op":false,"id":"ab782a6d-7d85-3a2e-94f7-e57dcb135dc0","entity-id":7754,"location":{"world":"world_the_end","x":643.3000000119209,"y":42.0,"z":-998.6999999880791,"yaw":-72.303116,"pitch":31.949871}}}}"
"2023-06-13T11:38:53Z";"DESTROY_CHEST";"{"chest":{"location":{"world":"world_the_end","x":643.0,"y":42.0,"z":-999.0},"inventory":{"type":"CHEST","size":9,"content":[{"v":3337,"type":"FIREWORK_ROCKET","meta":{}},{"v":3337,"type":"ENDER_PEARL"},{"v":3337,"type":"PLAYER_HEAD","meta":{}},null,null,null,null,null,null]},"createdAt":1686656312721,"expireAt":1686656912721,"player":{"name":"Rhela_","op":false,"id":"ab782a6d-7d85-3a2e-94f7-e57dcb135dc0","entity-id":7754,"location":{"world":"world","x":615.5017852073381,"y":89.0,"z":-447.5367566928773,"yaw":56.249985,"pitch":27.59997}}},"reason":"BREAK","extra":{"player":{"name":"SoyLuke_03","op":true,"id":"8f7711be-18d8-3473-bdb1-f5c99644cd65","entity-id":257,"location":{"world":"world_the_end","x":647.5293511740228,"y":41.91337874414551,"z":-995.5591681506976,"yaw":126.7472,"pitch":14.699995}}}}"
"2023-06-13T18:58:20Z";"CREATE_CHEST";"{"chest":{"location":{"world":"world","x":613.0,"y":79.0,"z":-437.0},"inventory":{"type":"CHEST","size":36,"content":[{"v":3337,"type":"DIAMOND_PICKAXE","meta":{}},{"v":3337,"type":"REDSTONE"},{"v":3337,"type":"DIAMOND_SHOVEL","meta":{}},{"v":3337,"type":"COAL","amount":64},{"v":3337,"type":"RAW_COPPER","amount":64},{"v":3337,"type":"COBBLESTONE","amount":50},{"v":3337,"type":"COBBLESTONE","amount":64},{"v":3337,"type":"COBBLESTONE","amount":64},{"v":3337,"type":"RAW_COPPER","amount":64},{"v":3337,"type":"RAW_COPPER","amount":64},{"v":3337,"type":"RAW_COPPER","amount":64},{"v":3337,"type":"RAW_COPPER","amount":64},{"v":3337,"type":"RAW_COPPER","amount":64},{"v":3337,"type":"COBBLESTONE","amount":64},{"v":3337,"type":"COAL","amount":64},{"v":3337,"type":"COBBLESTONE","amount":64},{"v":3337,"type":"RAW_COPPER","amount":59},{"v":3337,"type":"COBBLESTONE","amount":64},{"v":3337,"type":"COBBLESTONE","amount":64},{"v":3337,"type":"FLINT","amount":56},{"v":3337,"type":"RAW_COPPER","amount":64},{"v":3337,"type":"COAL","amount":48},{"v":3337,"type":"COBBLESTONE","amount":64},{"v":3337,"type":"COBBLESTONE","amount":64},{"v":3337,"type":"COBBLESTONE","amount":64},{"v":3337,"type":"DIORITE","amount":42},{"v":3337,"type":"COAL","amount":64},{"v":3337,"type":"COBBLESTONE","amount":64},{"v":3337,"type":"BONE","amount":4},{"v":3337,"type":"COBBLESTONE","amount":64},{"v":3337,"type":"COBBLESTONE","amount":64},{"v":3337,"type":"COBBLESTONE","amount":64},null,null,null,null]},"createdAt":1686682700045,"expireAt":1686683300045,"player":{"name":"Rhela_","op":false,"id":"ab782a6d-7d85-3a2e-94f7-e57dcb135dc0","entity-id":19570,"location":{"world":"world","x":613.3300849414544,"y":79.0,"z":-436.1154702376656,"yaw":-110.73015,"pitch":26.400286}}}}"
"2023-06-13T18:58:37Z";"DESTROY_CHEST";"{"chest":{"location":{"world":"world","x":613.0,"y":79.0,"z":-437.0},"inventory":{"type":"CHEST","size":36,"content":[null,null,null,null,null,null,null,null,null,null,null,null,null,null,null,null,null,null,null,null,null,null,null,null,null,null,null,null,null,null,null,null,null,null,null,null]},"createdAt":1686682700045,"expireAt":1686683300045,"player":{"name":"Rhela_","op":false,"id":"ab782a6d-7d85-3a2e-94f7-e57dcb135dc0","entity-id":19570,"location":{"world":"world","x":613.4881217483721,"y":79.0,"z":-437.98099498736326,"yaw":2.4021301,"pitch":37.04966}}},"reason":"PLAYER","extra":{"player":{"name":"Rhela_","op":false,"id":"ab782a6d-7d85-3a2e-94f7-e57dcb135dc0","entity-id":19570,"location":{"world":"world","x":613.4881217483721,"y":79.0,"z":-437.98099498736326,"yaw":2.4021301,"pitch":37.04966}}}}"
"2023-06-13T18:58:37Z";"DESTROY_CHEST";"{"chest":{"location":{"world":"world","x":613.0,"y":79.0,"z":-437.0},"inventory":{"type":"CHEST","size":36,"content":[null,null,null,null,null,null,null,null,null,null,null,null,null,null,null,null,null,null,null,null,null,null,null,null,null,null,null,null,null,null,null,null,null,null,null,null]},"createdAt":1686682700045,"expireAt":1686683300045,"player":{"name":"Rhela_","op":false,"id":"ab782a6d-7d85-3a2e-94f7-e57dcb135dc0","entity-id":19570,"location":{"world":"world","x":613.4881217483721,"y":79.0,"z":-437.98099498736326,"yaw":2.4021301,"pitch":37.04966}}},"reason":"PLAYER","extra":{"player":{"name":"Rhela_","op":false,"id":"ab782a6d-7d85-3a2e-94f7-e57dcb135dc0","entity-id":19570,"location":{"world":"world","x":613.4881217483721,"y":79.0,"z":-437.98099498736326,"yaw":2.4021301,"pitch":37.04966}}}}"
"2023-06-13T19:05:05Z";"CREATE_CHEST";"{"chest":{"location":{"world":"world","x":619.0,"y":78.0,"z":-413.0},"inventory":{"type":"CHEST","size":27,"content":[{"v":3337,"type":"RAW_COPPER","amount":64},{"v":3337,"type":"COBBLESTONE_SLAB"},{"v":3337,"type":"COBBLESTONE","amount":64},{"v":3337,"type":"COBBLESTONE","amount":64},{"v":3337,"type":"RAW_COPPER","amount":64},{"v":3337,"type":"DIAMOND_SHOVEL","meta":{}},{"v":3337,"type":"COBBLESTONE","amount":44},{"v":3337,"type":"REDSTONE"},{"v":3337,"type":"DIAMOND_PICKAXE","meta":{}},{"v":3337,"type":"DIORITE","amount":12},{"v":3337,"type":"RAW_COPPER","amount":55},{"v":3337,"type":"RAW_COPPER","amount":64},{"v":3337,"type":"RAW_COPPER","amount":64},{"v":3337,"type":"FLINT","amount":56},{"v":3337,"type":"BONE","amount":4},{"v":3337,"type":"RAW_COPPER","amount":64},{"v":3337,"type":"RAW_COPPER","amount":64},{"v":3337,"type":"RAW_COPPER","amount":64},{"v":3337,"type":"RAW_COPPER","amount":64},{"v":3337,"type":"RAW_COPPER","amount":64},null,null,null,null,null,null,null]},"createdAt":1686683105677,"expireAt":1686683705677,"player":{"name":"Rhela_","op":false,"id":"ab782a6d-7d85-3a2e-94f7-e57dcb135dc0","entity-id":19570,"location":{"world":"world","x":619.8595842400205,"y":78.0,"z":-412.0139993491336,"yaw":123.00473,"pitch":4.6500454}}}}"
"2023-06-13T19:05:25Z";"DESTROY_CHEST";"{"chest":{"location":{"world":"world","x":619.0,"y":78.0,"z":-413.0},"inventory":{"type":"CHEST","size":27,"content":[null,null,null,null,null,null,null,null,null,null,null,null,null,null,null,null,null,null,null,null,null,null,null,null,null,null,null]},"createdAt":1686683105677,"expireAt":1686683705677,"player":{"name":"Rhela_","op":false,"id":"ab782a6d-7d85-3a2e-94f7-e57dcb135dc0","entity-id":19570,"location":{"world":"world","x":618.4030501445387,"y":78.0,"z":-409.8653326409283,"yaw":-160.95065,"pitch":22.950144}}},"reason":"PLAYER","extra":{"player":{"name":"Rhela_","op":false,"id":"ab782a6d-7d85-3a2e-94f7-e57dcb135dc0","entity-id":19570,"location":{"world":"world","x":618.4030501445387,"y":78.0,"z":-409.8653326409283,"yaw":-160.95065,"pitch":22.950144}}}}"
"2023-06-13T19:05:25Z";"DESTROY_CHEST";"{"chest":{"location":{"world":"world","x":619.0,"y":78.0,"z":-413.0},"inventory":{"type":"CHEST","size":27,"content":[null,null,null,null,null,null,null,null,null,null,null,null,null,null,null,null,null,null,null,null,null,null,null,null,null,null,null]},"createdAt":1686683105677,"expireAt":1686683705677,"player":{"name":"Rhela_","op":false,"id":"ab782a6d-7d85-3a2e-94f7-e57dcb135dc0","entity-id":19570,"location":{"world":"world","x":618.4030501445387,"y":78.0,"z":-409.8653326409283,"yaw":-160.95065,"pitch":22.950144}}},"reason":"PLAYER","extra":{"player":{"name":"Rhela_","op":false,"id":"ab782a6d-7d85-3a2e-94f7-e57dcb135dc0","entity-id":19570,"location":{"world":"world","x":618.4030501445387,"y":78.0,"z":-409.8653326409283,"yaw":-160.95065,"pitch":22.950144}}}}"
"2023-06-13T19:21:41Z";"CREATE_CHEST";"{"chest":{"location":{"world":"world","x":621.0,"y":78.0,"z":-433.0},"inventory":{"type":"CHEST","size":36,"content":[{"v":3337,"type":"COBBLESTONE","amount":64},{"v":3337,"type":"GUNPOWDER","amount":4},{"v":3337,"type":"DIAMOND_PICKAXE","meta":{}},{"v":3337,"type":"DIAMOND_SHOVEL","meta":{}},{"v":3337,"type":"STRING"},{"v":3337,"type":"GOLD_INGOT"},{"v":3337,"type":"PLAYER_HEAD","amount":2,"meta":{}},{"v":3337,"type":"STICK","amount":3},{"v":3337,"type":"DIAMOND_SWORD","meta":{}},{"v":3337,"type":"COBBLESTONE","amount":64},{"v":3337,"type":"DIORITE","amount":5},{"v":3337,"type":"COBBLESTONE_SLAB"},{"v":3337,"type":"COBBLESTONE","amount":64},{"v":3337,"type":"FLINT","amount":64},{"v":3337,"type":"FLINT","amount":42},{"v":3337,"type":"COBBLESTONE","amount":64},{"v":3337,"type":"COBBLESTONE","amount":64},{"v":3337,"type":"RAW_COPPER","amount":64},{"v":3337,"type":"RAW_COPPER","amount":64},{"v":3337,"type":"RAW_COPPER","amount":64},{"v":3337,"type":"GRANITE","amount":4},{"v":3337,"type":"FLINT","amount":64},{"v":3337,"type":"COBBLESTONE","amount":64},{"v":3337,"type":"NAME_TAG"},{"v":3337,"type":"COBBLESTONE","amount":64},{"v":3337,"type":"COBBLESTONE","amount":64},{"v":3337,"type":"COBBLESTONE","amount":64},{"v":3337,"type":"RAW_COPPER","amount":64},{"v":3337,"type":"REDSTONE"},{"v":3337,"type":"DIAMOND"},{"v":3337,"type":"RAW_COPPER","amount":64},{"v":3337,"type":"COAL","amount":28},{"v":3337,"type":"RAW_COPPER","amount":64},{"v":3337,"type":"BONE","amount":7},{"v":3337,"type":"FLINT","amount":64},{"v":3337,"type":"COBBLESTONE","amount":64}]},"createdAt":1686684101572,"expireAt":1686684701572,"player":{"name":"Rhela_","op":false,"id":"ab782a6d-7d85-3a2e-94f7-e57dcb135dc0","entity-id":19570,"location":{"world":"world","x":621.7705987723574,"y":78.0,"z":-432.1309918839093,"yaw":-128.7091,"pitch":2.100006}}}}"
"2023-06-13T19:23:30Z";"DESTROY_CHEST";"{"chest":{"location":{"world":"world","x":621.0,"y":78.0,"z":-433.0},"inventory":{"type":"CHEST","size":36,"content":[null,null,null,null,null,null,null,null,null,null,null,null,null,null,null,null,null,null,null,null,null,null,null,null,null,null,null,null,null,null,null,null,null,null,null,null]},"createdAt":1686684101572,"expireAt":1686684701572,"player":{"name":"Rhela_","op":false,"id":"ab782a6d-7d85-3a2e-94f7-e57dcb135dc0","entity-id":19570,"location":{"world":"world","x":621.1003449135046,"y":78.0,"z":-430.3829657559058,"yaw":-160.35065,"pitch":32.250084}}},"reason":"PLAYER","extra":{"player":{"name":"Rhela_","op":false,"id":"ab782a6d-7d85-3a2e-94f7-e57dcb135dc0","entity-id":19570,"location":{"world":"world","x":621.1003449135046,"y":78.0,"z":-430.3829657559058,"yaw":-160.35065,"pitch":32.250084}}}}"
"2023-06-13T19:23:30Z";"DESTROY_CHEST";"{"chest":{"location":{"world":"world","x":621.0,"y":78.0,"z":-433.0},"inventory":{"type":"CHEST","size":36,"content":[null,null,null,null,null,null,null,null,null,null,null,null,null,null,null,null,null,null,null,null,null,null,null,null,null,null,null,null,null,null,null,null,null,null,null,null]},"createdAt":1686684101572,"expireAt":1686684701572,"player":{"name":"Rhela_","op":false,"id":"ab782a6d-7d85-3a2e-94f7-e57dcb135dc0","entity-id":19570,"location":{"world":"world","x":621.1003449135046,"y":78.0,"z":-430.3829657559058,"yaw":-160.35065,"pitch":32.250084}}},"reason":"PLAYER","extra":{"player":{"name":"Rhela_","op":false,"id":"ab782a6d-7d85-3a2e-94f7-e57dcb135dc0","entity-id":19570,"location":{"world":"world","x":621.1003449135046,"y":78.0,"z":-430.3829657559058,"yaw":-160.35065,"pitch":32.250084}}}}"
"2023-06-13T19:26:38Z";"CREATE_CHEST";"{"chest":{"location":{"world":"world","x":620.0,"y":78.0,"z":-437.0},"inventory":{"type":"CHEST","size":45,"content":[{"v":3337,"type":"RAW_COPPER","amount":64},{"v":3337,"type":"RAW_COPPER_BLOCK","amount":51},{"v":3337,"type":"TORCH","amount":64},{"v":3337,"type":"COBBLESTONE","amount":64},{"v":3337,"type":"DIAMOND_SHOVEL","meta":{}},{"v":3337,"type":"DIAMOND_PICKAXE","meta":{}},{"v":3337,"type":"FLINT","amount":64},{"v":3337,"type":"DIAMOND_SWORD","meta":{}},{"v":3337,"type":"COBBLESTONE","amount":64},{"v":3337,"type":"ARROW","amount":3},{"v":3337,"type":"BONE","amount":9},{"v":3337,"type":"FLINT","amount":42},{"v":3337,"type":"COBBLESTONE","amount":64},{"v":3337,"type":"STICK","amount":23},{"v":3337,"type":"COBBLESTONE","amount":64},{"v":3337,"type":"COBBLESTONE","amount":64},{"v":3337,"type":"COBBLESTONE","amount":64},{"v":3337,"type":"COBBLESTONE","amount":64},{"v":3337,"type":"RAW_COPPER","amount":4},{"v":3337,"type":"NAME_TAG"},{"v":3337,"type":"PLAYER_HEAD","amount":2,"meta":{}},{"v":3337,"type":"RAW_COPPER","amount":64},{"v":3337,"type":"GOLD_INGOT"},{"v":3337,"type":"STRING"},{"v":3337,"type":"COBBLESTONE","amount":64},{"v":3337,"type":"FLINT","amount":64},{"v":3337,"type":"COBBLESTONE","amount":64},{"v":3337,"type":"FLINT","amount":64},{"v":3337,"type":"COBBLESTONE","amount":64},{"v":3337,"type":"DIAMOND"},{"v":3337,"type":"GRANITE","amount":4},{"v":3337,"type":"COBBLESTONE_SLAB"},{"v":3337,"type":"GUNPOWDER","amount":4},{"v":3337,"type":"DIORITE","amount":5},{"v":3337,"type":"COBBLESTONE","amount":64},{"v":3337,"type":"REDSTONE"},{"v":3337,"type":"TORCH","amount":25},null,null,null,null,null,null,null,null]},"createdAt":1686684398461,"expireAt":1686684998461,"player":{"name":"Rhela_","op":false,"id":"ab782a6d-7d85-3a2e-94f7-e57dcb135dc0","entity-id":19570,"location":{"world":"world","x":623.400000011921,"y":78.0,"z":-432.55746407175155,"yaw":13.81015,"pitch":-84.299965}}}}"
"2023-06-13T19:27:01Z";"DESTROY_CHEST";"{"chest":{"location":{"world":"world","x":620.0,"y":78.0,"z":-437.0},"inventory":{"type":"CHEST","size":45,"content":[null,null,null,null,null,null,null,null,null,null,null,null,null,null,null,null,null,null,null,null,null,null,null,null,null,null,null,null,null,null,null,null,null,null,null,null,null,null,null,null,null,null,null,null,null]},"createdAt":1686684398461,"expireAt":1686684998461,"player":{"name":"Rhela_","op":false,"id":"ab782a6d-7d85-3a2e-94f7-e57dcb135dc0","entity-id":19570,"location":{"world":"world","x":618.2926604524401,"y":78.0,"z":-437.26694599146697,"yaw":-71.24823,"pitch":22.050215}}},"reason":"PLAYER","extra":{"player":{"name":"Rhela_","op":false,"id":"ab782a6d-7d85-3a2e-94f7-e57dcb135dc0","entity-id":19570,"location":{"world":"world","x":618.2926604524401,"y":78.0,"z":-437.26694599146697,"yaw":-71.24823,"pitch":22.050215}}}}"
"2023-06-13T19:27:01Z";"DESTROY_CHEST";"{"chest":{"location":{"world":"world","x":620.0,"y":78.0,"z":-437.0},"inventory":{"type":"CHEST","size":45,"content":[null,null,null,null,null,null,null,null,null,null,null,null,null,null,null,null,null,null,null,null,null,null,null,null,null,null,null,null,null,null,null,null,null,null,null,null,null,null,null,null,null,null,null,null,null]},"createdAt":1686684398461,"expireAt":1686684998461,"player":{"name":"Rhela_","op":false,"id":"ab782a6d-7d85-3a2e-94f7-e57dcb135dc0","entity-id":19570,"location":{"world":"world","x":618.2926604524401,"y":78.0,"z":-437.26694599146697,"yaw":-71.24823,"pitch":22.050215}}},"reason":"PLAYER","extra":{"player":{"name":"Rhela_","op":false,"id":"ab782a6d-7d85-3a2e-94f7-e57dcb135dc0","entity-id":19570,"location":{"world":"world","x":618.2926604524401,"y":78.0,"z":-437.26694599146697,"yaw":-71.24823,"pitch":22.050215}}}}"
"2023-06-13T20:21:47Z";"CREATE_CHEST";"{"chest":{"location":{"world":"world","x":614.0,"y":89.0,"z":-454.0},"inventory":{"type":"CHEST","size":36,"content":[{"v":3337,"type":"DIRT","amount":64},{"v":3337,"type":"TORCH","amount":2},{"v":3337,"type":"CHEST","amount":36},{"v":3337,"type":"REDSTONE_TORCH","amount":5},{"v":3337,"type":"NETHER_BRICKS","amount":17},{"v":3337,"type":"REDSTONE","amount":18},{"v":3337,"type":"DIAMOND_SWORD","meta":{}},{"v":3337,"type":"DIAMOND_PICKAXE","meta":{}},{"v":3337,"type":"BREAD","amount":17},{"v":3337,"type":"DIRT","amount":20,"meta":{}},{"v":3337,"type":"DIRT","amount":25},{"v":3337,"type":"BONE","amount":4},{"v":3337,"type":"AMETHYST_SHARD"},{"v":3337,"type":"COAL_BLOCK"},{"v":3337,"type":"DIAMOND_SHOVEL","meta":{}},{"v":3337,"type":"GOLD_INGOT"},{"v":3337,"type":"GOLD_NUGGET","amount":64},{"v":3337,"type":"GOLD_NUGGET","amount":64},{"v":3337,"type":"WHEAT_SEEDS","amount":64},{"v":3337,"type":"DIRT","amount":64},{"v":3337,"type":"DIRT","amount":64},{"v":3337,"type":"DIAMOND"},{"v":3337,"type":"DIRT","amount":64},{"v":3337,"type":"DIRT","amount":64},{"v":3337,"type":"DIRT","amount":64},{"v":3337,"type":"DIRT","amount":64},{"v":3337,"type":"STICK","amount":50},{"v":3337,"type":"CHEST","amount":41},{"v":3337,"type":"COPPER_INGOT"},{"v":3337,"type":"CHEST","amount":32},{"v":3337,"type":"IRON_INGOT","amount":64},null,null,null,null,null]},"createdAt":1686687707851,"expireAt":1686688307851,"player":{"name":"Rhela_","op":false,"id":"ab782a6d-7d85-3a2e-94f7-e57dcb135dc0","entity-id":19570,"location":{"world":"world","x":614.6063556811238,"y":89.17675927506424,"z":-453.942353669962,"yaw":-156.16995,"pitch":0.14966686}}}}"
"2023-06-13T20:22:30Z";"DESTROY_CHEST";"{"chest":{"location":{"world":"world","x":614.0,"y":89.0,"z":-454.0},"inventory":{"type":"CHEST","size":36,"content":[null,null,null,null,null,null,null,null,null,null,null,null,null,null,null,null,null,null,null,null,null,null,null,null,null,null,null,null,null,null,null,null,null,null,null,null]},"createdAt":1686687707851,"expireAt":1686688307851,"player":{"name":"Rhela_","op":false,"id":"ab782a6d-7d85-3a2e-94f7-e57dcb135dc0","entity-id":19570,"location":{"world":"world","x":614.1125818813139,"y":91.0,"z":-454.5213690204301,"yaw":-18.600708,"pitch":68.400215}}},"reason":"PLAYER","extra":{"player":{"name":"Rhela_","op":false,"id":"ab782a6d-7d85-3a2e-94f7-e57dcb135dc0","entity-id":19570,"location":{"world":"world","x":614.1125818813139,"y":91.0,"z":-454.5213690204301,"yaw":-18.600708,"pitch":68.400215}}}}"
"2023-06-13T20:22:30Z";"DESTROY_CHEST";"{"chest":{"location":{"world":"world","x":614.0,"y":89.0,"z":-454.0},"inventory":{"type":"CHEST","size":36,"content":[null,null,null,null,null,null,null,null,null,null,null,null,null,null,null,null,null,null,null,null,null,null,null,null,null,null,null,null,null,null,null,null,null,null,null,null]},"createdAt":1686687707851,"expireAt":1686688307851,"player":{"name":"Rhela_","op":false,"id":"ab782a6d-7d85-3a2e-94f7-e57dcb135dc0","entity-id":19570,"location":{"world":"world","x":614.1125818813139,"y":91.0,"z":-454.5213690204301,"yaw":-18.600708,"pitch":68.400215}}},"reason":"PLAYER","extra":{"player":{"name":"Rhela_","op":false,"id":"ab782a6d-7d85-3a2e-94f7-e57dcb135dc0","entity-id":19570,"location":{"world":"world","x":614.1125818813139,"y":91.0,"z":-454.5213690204301,"yaw":-18.600708,"pitch":68.400215}}}}"
"2023-06-13T20:24:55Z";"CREATE_CHEST";"{"chest":{"location":{"world":"world","x":585.0,"y":81.0,"z":-507.0},"inventory":{"type":"CHEST","size":36,"content":[{"v":3337,"type":"DIRT","amount":64},{"v":3337,"type":"ARROW","amount":2},{"v":3337,"type":"BONE","amount":9},{"v":3337,"type":"COPPER_INGOT"},{"v":3337,"type":"CHEST","amount":64},{"v":3337,"type":"WHEAT_SEEDS","amount":64},{"v":3337,"type":"DIRT","amount":20,"meta":{}},{"v":3337,"type":"DIRT","amount":64},{"v":3337,"type":"DIAMOND_SWORD","meta":{}},{"v":3337,"type":"DIAMOND_PICKAXE","meta":{}},{"v":3337,"type":"BREAD","amount":17},{"v":3337,"type":"DIRT","amount":26},{"v":3337,"type":"GOLD_NUGGET","amount":64},{"v":3337,"type":"GOLD_NUGGET","amount":64},{"v":3337,"type":"STICK","amount":50},{"v":3337,"type":"DIRT","amount":64},{"v":3337,"type":"DIRT","amount":64},{"v":3337,"type":"GOLD_INGOT"},{"v":3337,"type":"REDSTONE","amount":18},{"v":3337,"type":"DIAMOND_SHOVEL","meta":{}},{"v":3337,"type":"DIRT","amount":64},{"v":3337,"type":"AMETHYST_SHARD"},{"v":3337,"type":"COAL_BLOCK"},{"v":3337,"type":"NETHER_BRICKS","amount":17},{"v":3337,"type":"REDSTONE_TORCH","amount":5},{"v":3337,"type":"DIAMOND"},{"v":3337,"type":"IRON_INGOT","amount":64},{"v":3337,"type":"DIRT","amount":64},{"v":3337,"type":"CHEST","amount":45},{"v":3337,"type":"TORCH","amount":2},{"v":3337,"type":"DIRT","amount":64},null,null,null,null,null]},"createdAt":1686687895301,"expireAt":1686688495301,"player":{"name":"Rhela_","op":false,"id":"ab782a6d-7d85-3a2e-94f7-e57dcb135dc0","entity-id":19570,"location":{"world":"world","x":585.6087420916431,"y":81.0,"z":-506.84069230419504,"yaw":-162.60547,"pitch":10.350067}}}}"
"2023-06-13T20:25:10Z";"CREATE_CHEST";"{"chest":{"location":{"world":"world","x":590.0,"y":81.0,"z":-513.0},"inventory":{"type":"CHEST","size":9,"content":[{"v":3337,"type":"DIAMOND_SWORD","meta":{}},{"v":3337,"type":"DIRT","amount":64},null,null,null,null,null,null,null]},"createdAt":1686687910499,"expireAt":1686688510499,"player":{"name":"Rhela_","op":false,"id":"ab782a6d-7d85-3a2e-94f7-e57dcb135dc0","entity-id":19570,"location":{"world":"world","x":590.2866340091382,"y":81.0,"z":-512.67667474,"yaw":5.9950867,"pitch":9.90006}}}}"
"2023-06-13T20:25:40Z";"DESTROY_CHEST";"{"chest":{"location":{"world":"world","x":585.0,"y":81.0,"z":-507.0},"inventory":{"type":"CHEST","size":36,"content":[null,null,null,null,null,null,null,null,null,null,null,null,null,null,null,null,null,null,null,null,null,null,null,null,null,null,null,null,null,null,null,null,null,null,null,null]},"createdAt":1686687895301,"expireAt":1686688495301,"player":{"name":"Rhela_","op":false,"id":"ab782a6d-7d85-3a2e-94f7-e57dcb135dc0","entity-id":19570,"location":{"world":"world","x":584.5411291044354,"y":81.0,"z":-505.1388990514972,"yaw":-147.60504,"pitch":35.550014}}},"reason":"PLAYER","extra":{"player":{"name":"Rhela_","op":false,"id":"ab782a6d-7d85-3a2e-94f7-e57dcb135dc0","entity-id":19570,"location":{"world":"world","x":584.5411291044354,"y":81.0,"z":-505.1388990514972,"yaw":-147.60504,"pitch":35.550014}}}}"
"2023-06-13T20:25:40Z";"DESTROY_CHEST";"{"chest":{"location":{"world":"world","x":585.0,"y":81.0,"z":-507.0},"inventory":{"type":"CHEST","size":36,"content":[null,null,null,null,null,null,null,null,null,null,null,null,null,null,null,null,null,null,null,null,null,null,null,null,null,null,null,null,null,null,null,null,null,null,null,null]},"createdAt":1686687895301,"expireAt":1686688495301,"player":{"name":"Rhela_","op":false,"id":"ab782a6d-7d85-3a2e-94f7-e57dcb135dc0","entity-id":19570,"location":{"world":"world","x":584.5411291044354,"y":81.0,"z":-505.1388990514972,"yaw":-147.60504,"pitch":35.550014}}},"reason":"PLAYER","extra":{"player":{"name":"Rhela_","op":false,"id":"ab782a6d-7d85-3a2e-94f7-e57dcb135dc0","entity-id":19570,"location":{"world":"world","x":584.5411291044354,"y":81.0,"z":-505.1388990514972,"yaw":-147.60504,"pitch":35.550014}}}}"
"2023-06-13T20:25:43Z";"DESTROY_CHEST";"{"chest":{"location":{"world":"world","x":590.0,"y":81.0,"z":-513.0},"inventory":{"type":"CHEST","size":9,"content":[null,null,null,null,null,null,null,null,null]},"createdAt":1686687910499,"expireAt":1686688510499,"player":{"name":"Rhela_","op":false,"id":"ab782a6d-7d85-3a2e-94f7-e57dcb135dc0","entity-id":19570,"location":{"world":"world","x":588.5126934756958,"y":81.0,"z":-509.6078753757658,"yaw":-142.05504,"pitch":17.400026}}},"reason":"PLAYER","extra":{"player":{"name":"Rhela_","op":false,"id":"ab782a6d-7d85-3a2e-94f7-e57dcb135dc0","entity-id":19570,"location":{"world":"world","x":588.5126934756958,"y":81.0,"z":-509.6078753757658,"yaw":-142.05504,"pitch":17.400026}}}}"
"2023-06-13T20:25:43Z";"DESTROY_CHEST";"{"chest":{"location":{"world":"world","x":590.0,"y":81.0,"z":-513.0},"inventory":{"type":"CHEST","size":9,"content":[null,null,null,null,null,null,null,null,null]},"createdAt":1686687910499,"expireAt":1686688510499,"player":{"name":"Rhela_","op":false,"id":"ab782a6d-7d85-3a2e-94f7-e57dcb135dc0","entity-id":19570,"location":{"world":"world","x":588.5126934756958,"y":81.0,"z":-509.6078753757658,"yaw":-142.05504,"pitch":17.400026}}},"reason":"PLAYER","extra":{"player":{"name":"Rhela_","op":false,"id":"ab782a6d-7d85-3a2e-94f7-e57dcb135dc0","entity-id":19570,"location":{"world":"world","x":588.5126934756958,"y":81.0,"z":-509.6078753757658,"yaw":-142.05504,"pitch":17.400026}}}}"
"2023-06-13T20:25:44Z";"CREATE_CHEST";"{"chest":{"location":{"world":"world","x":588.0,"y":81.0,"z":-510.0},"inventory":{"type":"CHEST","size":36,"content":[{"v":3337,"type":"ROTTEN_FLESH","amount":3},{"v":3337,"type":"ARROW","amount":4},{"v":3337,"type":"BONE","amount":10},{"v":3337,"type":"CHEST","amount":64},{"v":3337,"type":"DIRT","amount":64},{"v":3337,"type":"REDSTONE","amount":18},{"v":3337,"type":"DIAMOND_PICKAXE","meta":{}},{"v":3337,"type":"DIRT","amount":64},{"v":3337,"type":"DIAMOND_SWORD","meta":{}},{"v":3337,"type":"STRING","amount":2},{"v":3337,"type":"DIRT","amount":26},{"v":3337,"type":"IRON_INGOT","amount":64},{"v":3337,"type":"GOLD_INGOT"},{"v":3337,"type":"DIRT","amount":64},{"v":3337,"type":"DIRT","amount":64},{"v":3337,"type":"DIAMOND"},{"v":3337,"type":"REDSTONE_TORCH","amount":5},{"v":3337,"type":"DIRT","amount":20,"meta":{}},{"v":3337,"type":"WHEAT_SEEDS","amount":64},{"v":3337,"type":"STICK","amount":50},{"v":3337,"type":"NETHER_BRICKS","amount":17},{"v":3337,"type":"COAL_BLOCK"},{"v":3337,"type":"GOLD_NUGGET","amount":64},{"v":3337,"type":"CHEST","amount":45},{"v":3337,"type":"COPPER_INGOT"},{"v":3337,"type":"GOLD_NUGGET","amount":64},{"v":3337,"type":"AMETHYST_SHARD"},{"v":3337,"type":"DIRT","amount":64},{"v":3337,"type":"TORCH","amount":2},{"v":3337,"type":"DIAMOND_SHOVEL","meta":{}},{"v":3337,"type":"DIRT","amount":64},{"v":3337,"type":"DIRT","amount":64},{"v":3337,"type":"BREAD","amount":17},null,null,null]},"createdAt":1686687944200,"expireAt":1686688544200,"player":{"name":"Rhela_","op":false,"id":"ab782a6d-7d85-3a2e-94f7-e57dcb135dc0","entity-id":19570,"location":{"world":"world","x":588.334401650929,"y":81.0,"z":-509.4159260421265,"yaw":-136.65512,"pitch":7.350039}}}}"
"2023-06-13T20:26:10Z";"CREATE_CHEST";"{"chest":{"location":{"world":"world","x":584.0,"y":78.0,"z":-513.0},"inventory":{"type":"CHEST","size":9,"content":[{"v":3337,"type":"ARROW"},{"v":3337,"type":"DIAMOND_SWORD","meta":{}},null,null,null,null,null,null,null]},"createdAt":1686687970150,"expireAt":1686688570150,"player":{"name":"Rhela_","op":false,"id":"ab782a6d-7d85-3a2e-94f7-e57dcb135dc0","entity-id":19570,"location":{"world":"world","x":584.3000000119209,"y":78.0,"z":-512.8135934521863,"yaw":-159.60568,"pitch":9.899962}}}}"
"2023-06-13T20:26:58Z";"DESTROY_CHEST";"{"chest":{"location":{"world":"world","x":588.0,"y":81.0,"z":-510.0},"inventory":{"type":"CHEST","size":36,"content":[null,null,null,null,null,null,null,null,null,null,null,null,null,null,null,null,null,null,null,null,null,null,null,null,null,null,null,null,null,null,null,null,null,null,null,null]},"createdAt":1686687944200,"expireAt":1686688544200,"player":{"name":"Rhela_","op":false,"id":"ab782a6d-7d85-3a2e-94f7-e57dcb135dc0","entity-id":19570,"location":{"world":"world","x":588.075072011721,"y":81.0,"z":-511.1587553700605,"yaw":-19.356016,"pitch":33.449947}}},"reason":"PLAYER","extra":{"player":{"name":"Rhela_","op":false,"id":"ab782a6d-7d85-3a2e-94f7-e57dcb135dc0","entity-id":19570,"location":{"world":"world","x":588.075072011721,"y":81.0,"z":-511.1587553700605,"yaw":-19.356016,"pitch":33.449947}}}}"
"2023-06-13T20:26:58Z";"DESTROY_CHEST";"{"chest":{"location":{"world":"world","x":588.0,"y":81.0,"z":-510.0},"inventory":{"type":"CHEST","size":36,"content":[null,null,null,null,null,null,null,null,null,null,null,null,null,null,null,null,null,null,null,null,null,null,null,null,null,null,null,null,null,null,null,null,null,null,null,null]},"createdAt":1686687944200,"expireAt":1686688544200,"player":{"name":"Rhela_","op":false,"id":"ab782a6d-7d85-3a2e-94f7-e57dcb135dc0","entity-id":19570,"location":{"world":"world","x":588.075072011721,"y":81.0,"z":-511.1587553700605,"yaw":-19.356016,"pitch":33.449947}}},"reason":"PLAYER","extra":{"player":{"name":"Rhela_","op":false,"id":"ab782a6d-7d85-3a2e-94f7-e57dcb135dc0","entity-id":19570,"location":{"world":"world","x":588.075072011721,"y":81.0,"z":-511.1587553700605,"yaw":-19.356016,"pitch":33.449947}}}}"
"2023-06-13T20:27:00Z";"DESTROY_CHEST";"{"chest":{"location":{"world":"world","x":584.0,"y":78.0,"z":-513.0},"inventory":{"type":"CHEST","size":9,"content":[null,null,null,null,null,null,null,null,null]},"createdAt":1686687970150,"expireAt":1686688570150,"player":{"name":"Rhela_","op":false,"id":"ab782a6d-7d85-3a2e-94f7-e57dcb135dc0","entity-id":19570,"location":{"world":"world","x":585.7511872583135,"y":81.0,"z":-510.71625798220464,"yaw":143.84386,"pitch":60.75004}}},"reason":"PLAYER","extra":{"player":{"name":"Rhela_","op":false,"id":"ab782a6d-7d85-3a2e-94f7-e57dcb135dc0","entity-id":19570,"location":{"world":"world","x":585.7511872583135,"y":81.0,"z":-510.71625798220464,"yaw":143.84386,"pitch":60.75004}}}}"
"2023-06-13T20:27:00Z";"DESTROY_CHEST";"{"chest":{"location":{"world":"world","x":584.0,"y":78.0,"z":-513.0},"inventory":{"type":"CHEST","size":9,"content":[null,null,null,null,null,null,null,null,null]},"createdAt":1686687970150,"expireAt":1686688570150,"player":{"name":"Rhela_","op":false,"id":"ab782a6d-7d85-3a2e-94f7-e57dcb135dc0","entity-id":19570,"location":{"world":"world","x":585.7511872583135,"y":81.0,"z":-510.71625798220464,"yaw":143.84386,"pitch":60.75004}}},"reason":"PLAYER","extra":{"player":{"name":"Rhela_","op":false,"id":"ab782a6d-7d85-3a2e-94f7-e57dcb135dc0","entity-id":19570,"location":{"world":"world","x":585.7511872583135,"y":81.0,"z":-510.71625798220464,"yaw":143.84386,"pitch":60.75004}}}}"
