"2023-06-14T10:41:23Z";"CREATE_CHEST";"{"chest":{"location":{"world":"world","x":486.0,"y":112.0,"z":-130.0},"inventory":{"type":"CHEST","size":36,"content":[{"v":3337,"type":"NETHERITE_SWORD","meta":{}},{"v":3337,"type":"DIAMOND_SWORD","meta":{}},{"v":3337,"type":"NETHERITE_PICKAXE","meta":{}},{"v":3337,"type":"NETHERITE_PICKAXE","meta":{}},{"v":3337,"type":"BOW","meta":{}},{"v":3337,"type":"COOKED_PORKCHOP"},{"v":3337,"type":"NETHERITE_AXE","meta":{}},{"v":3337,"type":"BAMBOO"},{"v":3337,"type":"SCULK_CATALYST"},{"v":3337,"type":"DIRT","amount":11},{"v":3337,"type":"COBBLESTONE","amount":64},{"v":3337,"type":"GRASS_BLOCK","amount":2},{"v":3337,"type":"PLAYER_HEAD","amount":2,"meta":{}},{"v":3337,"type":"STONE"},{"v":3337,"type":"ARROW"},{"v":3337,"type":"NETHERITE_SHOVEL","meta":{}},{"v":3337,"type":"FISHING_ROD","meta":{}},{"v":3337,"type":"WATER_BUCKET"},{"v":3337,"type":"STICK"},{"v":3337,"type":"STICK","meta":{}},{"v":3337,"type":"GLASS_BOTTLE"},{"v":3337,"type":"NETHERITE_BOOTS","meta":{}},{"v":3337,"type":"NETHERITE_CHESTPLATE","meta":{}},{"v":3337,"type":"NETHERITE_LEGGINGS","meta":{}},{"v":3337,"type":"NETHERITE_HELMET","meta":{}},{"v":3337,"type":"TOTEM_OF_UNDYING","meta":{}},{"v":3337,"type":"TORCH","amount":64},{"v":3337,"type":"LIME_BED"},null,null,null,null,null,null,null,null]},"createdAt":1686739283618,"expireAt":1686739883618,"player":{"name":"mariajoro","op":false,"id":"302c8a3c-a334-31b5-8481-fb9456626ce2","entity-id":51735,"location":{"world":"world","x":486.9770671929918,"y":112.0,"z":-129.84419503753116,"yaw":-159.60522,"pitch":4.8001623}}}}"
"2023-06-14T10:41:58Z";"DESTROY_CHEST";"{"chest":{"location":{"world":"world","x":486.0,"y":112.0,"z":-130.0},"inventory":{"type":"CHEST","size":36,"content":[null,null,null,null,null,null,null,null,null,null,null,null,null,null,null,null,null,null,null,null,null,null,null,null,null,null,null,null,null,null,null,null,null,null,null,null]},"createdAt":1686739283618,"expireAt":1686739883618,"player":{"name":"mariajoro","op":false,"id":"302c8a3c-a334-31b5-8481-fb9456626ce2","entity-id":51735,"location":{"world":"world","x":487.84087491739484,"y":112.0,"z":-129.91805392120546,"yaw":89.40112,"pitch":40.949913}}},"reason":"PLAYER","extra":{"player":{"name":"mariajoro","op":false,"id":"302c8a3c-a334-31b5-8481-fb9456626ce2","entity-id":51735,"location":{"world":"world","x":487.84087491739484,"y":112.0,"z":-129.91805392120546,"yaw":89.40112,"pitch":40.949913}}}}"
"2023-06-14T10:41:58Z";"DESTROY_CHEST";"{"chest":{"location":{"world":"world","x":486.0,"y":112.0,"z":-130.0},"inventory":{"type":"CHEST","size":36,"content":[null,null,null,null,null,null,null,null,null,null,null,null,null,null,null,null,null,null,null,null,null,null,null,null,null,null,null,null,null,null,null,null,null,null,null,null]},"createdAt":1686739283618,"expireAt":1686739883618,"player":{"name":"mariajoro","op":false,"id":"302c8a3c-a334-31b5-8481-fb9456626ce2","entity-id":51735,"location":{"world":"world","x":487.84087491739484,"y":112.0,"z":-129.91805392120546,"yaw":89.40112,"pitch":40.949913}}},"reason":"PLAYER","extra":{"player":{"name":"mariajoro","op":false,"id":"302c8a3c-a334-31b5-8481-fb9456626ce2","entity-id":51735,"location":{"world":"world","x":487.84087491739484,"y":112.0,"z":-129.91805392120546,"yaw":89.40112,"pitch":40.949913}}}}"
"2023-06-14T14:28:13Z";"CREATE_CHEST";"{"chest":{"location":{"world":"world","x":610.0,"y":78.0,"z":-453.0},"inventory":{"type":"CHEST","size":18,"content":[{"v":3337,"type":"REDSTONE_TORCH","amount":28},{"v":3337,"type":"STONE","amount":6},{"v":3337,"type":"BREAD","amount":15},{"v":3337,"type":"STICK","amount":8},{"v":3337,"type":"DIAMOND_PICKAXE","meta":{}},{"v":3337,"type":"DIAMOND_SHOVEL","meta":{}},{"v":3337,"type":"DIAMOND_SWORD","meta":{}},{"v":3337,"type":"CHEST","amount":64},{"v":3337,"type":"STICK","amount":64},{"v":3337,"type":"NETHER_BRICKS","amount":17},{"v":3337,"type":"CHEST","amount":28},{"v":3337,"type":"IRON_INGOT","amount":64},{"v":3337,"type":"CHAINMAIL_BOOTS","meta":{}},{"v":3337,"type":"CHAINMAIL_CHESTPLATE","meta":{}},null,null,null,null]},"createdAt":1686752893722,"expireAt":1686753493722,"player":{"name":"Rhela_","op":false,"id":"ab782a6d-7d85-3a2e-94f7-e57dcb135dc0","entity-id":3662,"location":{"world":"world","x":610.3306481121137,"y":78.0,"z":-452.46374540506895,"yaw":102.31487,"pitch":6.7497735}}}}"
"2023-06-14T14:28:32Z";"DESTROY_CHEST";"{"chest":{"location":{"world":"world","x":610.0,"y":78.0,"z":-453.0},"inventory":{"type":"CHEST","size":18,"content":[null,null,null,null,null,null,null,null,null,null,null,null,null,null,null,null,null,null]},"createdAt":1686752893722,"expireAt":1686753493722,"player":{"name":"Rhela_","op":false,"id":"ab782a6d-7d85-3a2e-94f7-e57dcb135dc0","entity-id":3662,"location":{"world":"world","x":609.7624999880791,"y":78.0,"z":-452.30000001192093,"yaw":-96.13428,"pitch":55.649704}}},"reason":"PLAYER","extra":{"player":{"name":"Rhela_","op":false,"id":"ab782a6d-7d85-3a2e-94f7-e57dcb135dc0","entity-id":3662,"location":{"world":"world","x":609.7624999880791,"y":78.0,"z":-452.30000001192093,"yaw":-96.13428,"pitch":55.649704}}}}"
"2023-06-14T14:28:32Z";"DESTROY_CHEST";"{"chest":{"location":{"world":"world","x":610.0,"y":78.0,"z":-453.0},"inventory":{"type":"CHEST","size":18,"content":[null,null,null,null,null,null,null,null,null,null,null,null,null,null,null,null,null,null]},"createdAt":1686752893722,"expireAt":1686753493722,"player":{"name":"Rhela_","op":false,"id":"ab782a6d-7d85-3a2e-94f7-e57dcb135dc0","entity-id":3662,"location":{"world":"world","x":609.7624999880791,"y":78.0,"z":-452.30000001192093,"yaw":-96.13428,"pitch":55.649704}}},"reason":"PLAYER","extra":{"player":{"name":"Rhela_","op":false,"id":"ab782a6d-7d85-3a2e-94f7-e57dcb135dc0","entity-id":3662,"location":{"world":"world","x":609.7624999880791,"y":78.0,"z":-452.30000001192093,"yaw":-96.13428,"pitch":55.649704}}}}"
"2023-06-14T15:32:42Z";"CREATE_CHEST";"{"chest":{"location":{"world":"world","x":629.0,"y":12.0,"z":-441.0},"inventory":{"type":"CHEST","size":9,"content":[{"v":3337,"type":"WATER_BUCKET"},{"v":3337,"type":"DIAMOND_SHOVEL","meta":{}},{"v":3337,"type":"COOKED_BEEF","amount":59},{"v":3337,"type":"DIAMOND_PICKAXE","meta":{}},{"v":3337,"type":"DIAMOND_SWORD","meta":{}},{"v":3337,"type":"CHAINMAIL_BOOTS","meta":{}},{"v":3337,"type":"CHAINMAIL_CHESTPLATE","meta":{}},null,null]},"createdAt":1686756762622,"expireAt":1686757362622,"player":{"name":"Rhela_","op":false,"id":"ab782a6d-7d85-3a2e-94f7-e57dcb135dc0","entity-id":3662,"location":{"world":"world","x":629.3001184311304,"y":12.0,"z":-440.54087897962734,"yaw":-37.563354,"pitch":90.0}}}}"
"2023-06-14T15:32:54Z";"DESTROY_CHEST";"{"chest":{"location":{"world":"world","x":629.0,"y":12.0,"z":-441.0},"inventory":{"type":"CHEST","size":9,"content":[null,null,null,null,null,null,null,null,null]},"createdAt":1686756762622,"expireAt":1686757362622,"player":{"name":"Rhela_","op":false,"id":"ab782a6d-7d85-3a2e-94f7-e57dcb135dc0","entity-id":3662,"location":{"world":"world","x":629.5,"y":12.875,"z":-440.5,"yaw":49.886646,"pitch":90.0}}},"reason":"PLAYER","extra":{"player":{"name":"Rhela_","op":false,"id":"ab782a6d-7d85-3a2e-94f7-e57dcb135dc0","entity-id":3662,"location":{"world":"world","x":629.5,"y":12.875,"z":-440.5,"yaw":49.886646,"pitch":90.0}}}}"
"2023-06-14T15:32:54Z";"DESTROY_CHEST";"{"chest":{"location":{"world":"world","x":629.0,"y":12.0,"z":-441.0},"inventory":{"type":"CHEST","size":9,"content":[null,null,null,null,null,null,null,null,null]},"createdAt":1686756762622,"expireAt":1686757362622,"player":{"name":"Rhela_","op":false,"id":"ab782a6d-7d85-3a2e-94f7-e57dcb135dc0","entity-id":3662,"location":{"world":"world","x":629.5,"y":12.875,"z":-440.5,"yaw":49.886646,"pitch":90.0}}},"reason":"PLAYER","extra":{"player":{"name":"Rhela_","op":false,"id":"ab782a6d-7d85-3a2e-94f7-e57dcb135dc0","entity-id":3662,"location":{"world":"world","x":629.5,"y":12.875,"z":-440.5,"yaw":49.886646,"pitch":90.0}}}}"
"2023-06-14T15:36:40Z";"CREATE_CHEST";"{"chest":{"location":{"world":"world","x":629.0,"y":12.0,"z":-441.0},"inventory":{"type":"CHEST","size":9,"content":[{"v":3337,"type":"SPRUCE_PLANKS"},{"v":3337,"type":"DIAMOND_SWORD","meta":{}},{"v":3337,"type":"DIAMOND_PICKAXE","meta":{}},{"v":3337,"type":"COOKED_BEEF","amount":58},{"v":3337,"type":"DIAMOND_SHOVEL","meta":{}},{"v":3337,"type":"WATER_BUCKET"},{"v":3337,"type":"CHAINMAIL_BOOTS","meta":{}},{"v":3337,"type":"CHAINMAIL_CHESTPLATE","meta":{}},null]},"createdAt":1686757000775,"expireAt":1686757600775,"player":{"name":"Rhela_","op":false,"id":"ab782a6d-7d85-3a2e-94f7-e57dcb135dc0","entity-id":3662,"location":{"world":"world","x":629.6999999880791,"y":12.0,"z":-440.68613302359796,"yaw":89.68114,"pitch":90.0}}}}"
"2023-06-14T15:36:53Z";"DESTROY_CHEST";"{"chest":{"location":{"world":"world","x":629.0,"y":12.0,"z":-441.0},"inventory":{"type":"CHEST","size":9,"content":[null,null,null,null,null,null,null,null,null]},"createdAt":1686757000775,"expireAt":1686757600775,"player":{"name":"Rhela_","op":false,"id":"ab782a6d-7d85-3a2e-94f7-e57dcb135dc0","entity-id":3662,"location":{"world":"world","x":630.0838303008152,"y":11.0,"z":-439.69999998807907,"yaw":144.13145,"pitch":24.29979}}},"reason":"PLAYER","extra":{"player":{"name":"Rhela_","op":false,"id":"ab782a6d-7d85-3a2e-94f7-e57dcb135dc0","entity-id":3662,"location":{"world":"world","x":630.0838303008152,"y":11.0,"z":-439.69999998807907,"yaw":144.13145,"pitch":24.29979}}}}"
"2023-06-14T15:36:53Z";"DESTROY_CHEST";"{"chest":{"location":{"world":"world","x":629.0,"y":12.0,"z":-441.0},"inventory":{"type":"CHEST","size":9,"content":[null,null,null,null,null,null,null,null,null]},"createdAt":1686757000775,"expireAt":1686757600775,"player":{"name":"Rhela_","op":false,"id":"ab782a6d-7d85-3a2e-94f7-e57dcb135dc0","entity-id":3662,"location":{"world":"world","x":630.0838303008152,"y":11.0,"z":-439.69999998807907,"yaw":144.13145,"pitch":24.29979}}},"reason":"PLAYER","extra":{"player":{"name":"Rhela_","op":false,"id":"ab782a6d-7d85-3a2e-94f7-e57dcb135dc0","entity-id":3662,"location":{"world":"world","x":630.0838303008152,"y":11.0,"z":-439.69999998807907,"yaw":144.13145,"pitch":24.29979}}}}"
