"2023-06-17T18:25:43Z";"CREATE_CHEST";"{"chest":{"location":{"world":"world","x":2487.0,"y":60.0,"z":1086.0},"inventory":{"type":"CHEST","size":18,"content":[{"v":3337,"type":"STICK"},{"v":3337,"type":"COOKED_CHICKEN","amount":40},{"v":3337,"type":"SUGAR_CANE","amount":6},{"v":3337,"type":"FIREWORK_ROCKET","amount":39},{"v":3337,"type":"DIRT","amount":2},{"v":3337,"type":"POISONOUS_POTATO","amount":7},{"v":3337,"type":"CARROT","amount":12},{"v":3337,"type":"DIAMOND_SWORD","meta":{}},{"v":3337,"type":"DIAMOND_PICKAXE","meta":{}},{"v":3337,"type":"COAL","amount":7},{"v":3337,"type":"COPPER_INGOT"},{"v":3337,"type":"PAPER","amount":10},{"v":3337,"type":"POTATO","amount":3},{"v":3337,"type":"SUSPICIOUS_STEW","meta":{}},{"v":3337,"type":"SUSPICIOUS_STEW","meta":{}},{"v":3337,"type":"ELYTRA","meta":{}},null,null]},"createdAt":1687026343365,"expireAt":1687026943365,"player":{"name":"Rhela_","op":false,"id":"ab782a6d-7d85-3a2e-94f7-e57dcb135dc0","entity-id":137895,"location":{"world":"world","x":2487.3862200612175,"y":60.183399996817116,"z":1086.5198740251606,"yaw":77.238525,"pitch":-22.64878}}}}"
"2023-06-17T18:26:03Z";"DESTROY_CHEST";"{"chest":{"location":{"world":"world","x":2487.0,"y":60.0,"z":1086.0},"inventory":{"type":"CHEST","size":18,"content":[null,null,null,null,null,null,null,null,null,null,null,null,null,null,null,null,null,null]},"createdAt":1687026343365,"expireAt":1687026943365,"player":{"name":"Rhela_","op":false,"id":"ab782a6d-7d85-3a2e-94f7-e57dcb135dc0","entity-id":137895,"location":{"world":"world","x":2486.300000011921,"y":60.0,"z":1086.487500011921,"yaw":-89.56144,"pitch":49.651237}}},"reason":"PLAYER","extra":{"player":{"name":"Rhela_","op":false,"id":"ab782a6d-7d85-3a2e-94f7-e57dcb135dc0","entity-id":137895,"location":{"world":"world","x":2486.300000011921,"y":60.0,"z":1086.487500011921,"yaw":-89.56144,"pitch":49.651237}}}}"
"2023-06-17T18:26:03Z";"DESTROY_CHEST";"{"chest":{"location":{"world":"world","x":2487.0,"y":60.0,"z":1086.0},"inventory":{"type":"CHEST","size":18,"content":[null,null,null,null,null,null,null,null,null,null,null,null,null,null,null,null,null,null]},"createdAt":1687026343365,"expireAt":1687026943365,"player":{"name":"Rhela_","op":false,"id":"ab782a6d-7d85-3a2e-94f7-e57dcb135dc0","entity-id":137895,"location":{"world":"world","x":2486.300000011921,"y":60.0,"z":1086.487500011921,"yaw":-89.56144,"pitch":49.651237}}},"reason":"PLAYER","extra":{"player":{"name":"Rhela_","op":false,"id":"ab782a6d-7d85-3a2e-94f7-e57dcb135dc0","entity-id":137895,"location":{"world":"world","x":2486.300000011921,"y":60.0,"z":1086.487500011921,"yaw":-89.56144,"pitch":49.651237}}}}"
"2023-06-17T18:32:38Z";"CREATE_CHEST";"{"chest":{"location":{"world":"world","x":613.0,"y":81.0,"z":-446.0},"inventory":{"type":"CHEST","size":27,"content":[{"v":3337,"type":"ANDESITE","amount":2},{"v":3337,"type":"FIREWORK_ROCKET","amount":15},{"v":3337,"type":"COBBLESTONE"},{"v":3337,"type":"COOKED_CHICKEN","amount":38},{"v":3337,"type":"ARROW"},{"v":3337,"type":"BONE","amount":2},{"v":3337,"type":"DIAMOND_PICKAXE","meta":{}},{"v":3337,"type":"DIAMOND_SWORD","meta":{}},{"v":3337,"type":"BOOK","amount":5},{"v":3337,"type":"CARROT","amount":12},{"v":3337,"type":"COAL","amount":7},{"v":3337,"type":"COPPER_INGOT"},{"v":3337,"type":"DIRT","amount":2},{"v":3337,"type":"FILLED_MAP","meta":{}},{"v":3337,"type":"PAPER","amount":15},{"v":3337,"type":"POISONOUS_POTATO","amount":7},{"v":3337,"type":"POTATO","amount":3},{"v":3337,"type":"STICK"},{"v":3337,"type":"SUGAR_CANE","amount":6},{"v":3337,"type":"SUSPICIOUS_STEW","meta":{}},{"v":3337,"type":"SUSPICIOUS_STEW","meta":{}},{"v":3337,"type":"ELYTRA","meta":{}},null,null,null,null,null]},"createdAt":1687026758259,"expireAt":1687027358259,"player":{"name":"Rhela_","op":false,"id":"ab782a6d-7d85-3a2e-94f7-e57dcb135dc0","entity-id":137895,"location":{"world":"world","x":613.2503780426773,"y":81.125,"z":-445.07960645094863,"yaw":18.129547,"pitch":51.150112}}}}"
"2023-06-17T18:32:50Z";"DESTROY_CHEST";"{"chest":{"location":{"world":"world","x":613.0,"y":81.0,"z":-446.0},"inventory":{"type":"CHEST","size":27,"content":[null,null,null,null,null,null,null,null,null,null,null,null,null,null,null,null,null,null,null,null,null,null,null,null,null,null,null]},"createdAt":1687026758259,"expireAt":1687027358259,"player":{"name":"Rhela_","op":false,"id":"ab782a6d-7d85-3a2e-94f7-e57dcb135dc0","entity-id":137895,"location":{"world":"world","x":611.7926317576544,"y":81.0,"z":-445.3183494149149,"yaw":-94.350426,"pitch":29.999771}}},"reason":"PLAYER","extra":{"player":{"name":"Rhela_","op":false,"id":"ab782a6d-7d85-3a2e-94f7-e57dcb135dc0","entity-id":137895,"location":{"world":"world","x":611.7926317576544,"y":81.0,"z":-445.3183494149149,"yaw":-94.350426,"pitch":29.999771}}}}"
"2023-06-17T18:32:50Z";"DESTROY_CHEST";"{"chest":{"location":{"world":"world","x":613.0,"y":81.0,"z":-446.0},"inventory":{"type":"CHEST","size":27,"content":[null,null,null,null,null,null,null,null,null,null,null,null,null,null,null,null,null,null,null,null,null,null,null,null,null,null,null]},"createdAt":1687026758259,"expireAt":1687027358259,"player":{"name":"Rhela_","op":false,"id":"ab782a6d-7d85-3a2e-94f7-e57dcb135dc0","entity-id":137895,"location":{"world":"world","x":611.7926317576544,"y":81.0,"z":-445.3183494149149,"yaw":-94.350426,"pitch":29.999771}}},"reason":"PLAYER","extra":{"player":{"name":"Rhela_","op":false,"id":"ab782a6d-7d85-3a2e-94f7-e57dcb135dc0","entity-id":137895,"location":{"world":"world","x":611.7926317576544,"y":81.0,"z":-445.3183494149149,"yaw":-94.350426,"pitch":29.999771}}}}"
"2023-06-17T18:38:52Z";"CREATE_CHEST";"{"chest":{"location":{"world":"world","x":3199.0,"y":62.0,"z":3253.0},"inventory":{"type":"CHEST","size":9,"content":[{"v":3337,"type":"FIREWORK_ROCKET","amount":43,"meta":{}},{"v":3337,"type":"ANDESITE","amount":2},{"v":3337,"type":"PHANTOM_MEMBRANE","amount":60},{"v":3337,"type":"GUNPOWDER","amount":40},{"v":3337,"type":"DIAMOND_SWORD","meta":{}},{"v":3337,"type":"DIAMOND_PICKAXE","meta":{}},{"v":3337,"type":"COBBLESTONE"},{"v":3337,"type":"COOKED_CHICKEN","amount":38},{"v":3337,"type":"ELYTRA","meta":{}}]},"createdAt":1687027132374,"expireAt":1687027732374,"player":{"name":"Rhela_","op":false,"id":"ab782a6d-7d85-3a2e-94f7-e57dcb135dc0","entity-id":137895,"location":{"world":"world","x":3199.381093319674,"y":62.4689755550233,"z":3253.5581366878823,"yaw":-17.705772,"pitch":14.400126}}}}"
"2023-06-17T18:39:18Z";"DESTROY_CHEST";"{"chest":{"location":{"world":"world","x":3199.0,"y":62.0,"z":3253.0},"inventory":{"type":"CHEST","size":9,"content":[null,null,null,null,null,null,null,null,null]},"createdAt":1687027132374,"expireAt":1687027732374,"player":{"name":"Rhela_","op":false,"id":"ab782a6d-7d85-3a2e-94f7-e57dcb135dc0","entity-id":137895,"location":{"world":"world","x":3200.9955357736753,"y":61.049999895221234,"z":3251.492024739002,"yaw":33.29452,"pitch":34.20009}}},"reason":"PLAYER","extra":{"player":{"name":"Rhela_","op":false,"id":"ab782a6d-7d85-3a2e-94f7-e57dcb135dc0","entity-id":137895,"location":{"world":"world","x":3200.9955357736753,"y":61.049999895221234,"z":3251.492024739002,"yaw":33.29452,"pitch":34.20009}}}}"
"2023-06-17T18:39:18Z";"DESTROY_CHEST";"{"chest":{"location":{"world":"world","x":3199.0,"y":62.0,"z":3253.0},"inventory":{"type":"CHEST","size":9,"content":[null,null,null,null,null,null,null,null,null]},"createdAt":1687027132374,"expireAt":1687027732374,"player":{"name":"Rhela_","op":false,"id":"ab782a6d-7d85-3a2e-94f7-e57dcb135dc0","entity-id":137895,"location":{"world":"world","x":3200.9955357736753,"y":61.049999895221234,"z":3251.492024739002,"yaw":33.29452,"pitch":34.20009}}},"reason":"PLAYER","extra":{"player":{"name":"Rhela_","op":false,"id":"ab782a6d-7d85-3a2e-94f7-e57dcb135dc0","entity-id":137895,"location":{"world":"world","x":3200.9955357736753,"y":61.049999895221234,"z":3251.492024739002,"yaw":33.29452,"pitch":34.20009}}}}"
